pair_id,group_id,expert_label,split
PUB-0065,d26ced3a722703ef,ExpertA,train
PUB-0066,d26ced3a722703ef,ExpertA,train
PUB-0067,d26ced3a722703ef,ExpertA,train
PUB-0068,d26ced3a722703ef,ExpertA,train
PUB-0317,f693834b27a84e83,ExpertA,train
PUB-0318,f693834b27a84e83,ExpertA,train
PUB-0319,f693834b27a84e83,ExpertA,train
PUB-0320,f693834b27a84e83,ExpertA,train
PUB-0209,82fde23caaec3834,ExpertA,train
PUB-0210,82fde23caaec3834,ExpertA,train
PUB-0211,82fde23caaec3834,ExpertA,train
PUB-0212,82fde23caaec3834,ExpertA,train
PUB-0253,a8625670b32d67c7,ExpertA,train
PUB-0254,a8625670b32d67c7,ExpertA,train
PUB-0255,a8625670b32d67c7,ExpertA,train
PUB-0256,a8625670b32d67c7,ExpertA,train
PUB-0109,31d06f6b69a59b4d,ExpertA,train
PUB-0110,31d06f6b69a59b4d,ExpertA,train
PUB-0111,31d06f6b69a59b4d,ExpertA,train
PUB-0112,31d06f6b69a59b4d,ExpertA,train
PUB-0173,c102f3f4d8e0912d,ExpertA,train
PUB-0174,c102f3f4d8e0912d,ExpertA,train
PUB-0175,c102f3f4d8e0912d,ExpertA,train
PUB-0176,c102f3f4d8e0912d,ExpertA,train
PUB-0169,dea6b71367835b7f,ExpertA,train
PUB-0170,dea6b71367835b7f,ExpertA,train
PUB-0171,dea6b71367835b7f,ExpertA,train
PUB-0172,dea6b71367835b7f,ExpertA,train
PUB-0061,32e02c81faadd45b,ExpertA,train
PUB-0062,32e02c81faadd45b,ExpertA,train
PUB-0063,32e02c81faadd45b,ExpertA,train
PUB-0064,32e02c81faadd45b,ExpertA,train
PUB-0193,bb6361ef5bf1f531,ExpertA,train
PUB-0194,bb6361ef5bf1f531,ExpertA,train
PUB-0195,bb6361ef5bf1f531,ExpertA,train
PUB-0196,bb6361ef5bf1f531,ExpertA,train
PUB-0297,4a1998ab421725d6,ExpertA,train
PUB-0298,4a1998ab421725d6,ExpertA,train
PUB-0299,4a1998ab421725d6,ExpertA,train
PUB-0300,4a1998ab421725d6,ExpertA,train
PUB-0141,cf69c5d9c10f3392,ExpertA,train
PUB-0142,cf69c5d9c10f3392,ExpertA,train
PUB-0143,cf69c5d9c10f3392,ExpertA,train
PUB-0144,cf69c5d9c10f3392,ExpertA,train
PUB-0301,96359a3990877d31,ExpertA,train
PUB-0302,96359a3990877d31,ExpertA,train
PUB-0303,96359a3990877d31,ExpertA,train
PUB-0304,96359a3990877d31,ExpertA,train
PUB-0153,a1065115d8a91c9e,ExpertA,train
PUB-0154,a1065115d8a91c9e,ExpertA,train
PUB-0155,a1065115d8a91c9e,ExpertA,train
PUB-0156,a1065115d8a91c9e,ExpertA,train
PUB-0157,b7209328128c5bb4,ExpertA,train
PUB-0158,b7209328128c5bb4,ExpertA,train
PUB-0159,b7209328128c5bb4,ExpertA,train
PUB-0160,b7209328128c5bb4,ExpertA,train
PUB-0365,077c4b123d405cbb,ExpertA,train
PUB-0366,077c4b123d405cbb,ExpertA,train
PUB-0367,077c4b123d405cbb,ExpertA,train
PUB-0368,077c4b123d405cbb,ExpertA,train
PUB-0321,c07066f093b7eefb,ExpertA,train
PUB-0322,c07066f093b7eefb,ExpertA,train
PUB-0323,c07066f093b7eefb,ExpertA,train
PUB-0324,c07066f093b7eefb,ExpertA,train
PUB-0349,a382bba61057a1a5,ExpertA,train
PUB-0350,a382bba61057a1a5,ExpertA,train
PUB-0351,a382bba61057a1a5,ExpertA,train
PUB-0352,a382bba61057a1a5,ExpertA,train
PUB-0009,6743cef7ab9fd051,ExpertA,train
PUB-0010,6743cef7ab9fd051,ExpertA,train
PUB-0011,6743cef7ab9fd051,ExpertA,train
PUB-0012,6743cef7ab9fd051,ExpertA,train
PUB-0097,d0fc962b86612307,ExpertA,train
PUB-0098,d0fc962b86612307,ExpertA,train
PUB-0099,d0fc962b86612307,ExpertA,train
PUB-0100,d0fc962b86612307,ExpertA,train
PUB-0293,09e48c5715055ebf,ExpertA,train
PUB-0294,09e48c5715055ebf,ExpertA,train
PUB-0295,09e48c5715055ebf,ExpertA,train
PUB-0296,09e48c5715055ebf,ExpertA,train
PUB-0237,480caa7f875a36c0,ExpertA,train
PUB-0238,480caa7f875a36c0,ExpertA,train
PUB-0239,480caa7f875a36c0,ExpertA,train
PUB-0240,480caa7f875a36c0,ExpertA,train
PUB-0029,26d2c7b8c5d02b01,ExpertA,train
PUB-0030,26d2c7b8c5d02b01,ExpertA,train
PUB-0031,26d2c7b8c5d02b01,ExpertA,train
PUB-0032,26d2c7b8c5d02b01,ExpertA,train
PUB-0113,370ef75dffeaf533,ExpertA,train
PUB-0114,370ef75dffeaf533,ExpertA,train
PUB-0115,370ef75dffeaf533,ExpertA,train
PUB-0116,370ef75dffeaf533,ExpertA,train
PUB-0145,89adadb8212753c4,ExpertA,train
PUB-0146,89adadb8212753c4,ExpertA,train
PUB-0147,89adadb8212753c4,ExpertA,train
PUB-0148,89adadb8212753c4,ExpertA,train
PUB-0305,9c00427029eeb410,ExpertA,train
PUB-0306,9c00427029eeb410,ExpertA,train
PUB-0307,9c00427029eeb410,ExpertA,train
PUB-0308,9c00427029eeb410,ExpertA,train
PUB-0381,7efcc367f4088d8b,ExpertA,train
PUB-0382,7efcc367f4088d8b,ExpertA,train
PUB-0383,7efcc367f4088d8b,ExpertA,train
PUB-0384,7efcc367f4088d8b,ExpertA,train
PUB-0013,ac252293dc60b882,ExpertA,train
PUB-0014,ac252293dc60b882,ExpertA,train
PUB-0015,ac252293dc60b882,ExpertA,train
PUB-0016,ac252293dc60b882,ExpertA,train
PUB-0353,b48d6b29aa746b00,ExpertA,train
PUB-0354,b48d6b29aa746b00,ExpertA,train
PUB-0355,b48d6b29aa746b00,ExpertA,train
PUB-0356,b48d6b29aa746b00,ExpertA,train
PUB-0309,7509b6559a0334a4,ExpertA,train
PUB-0310,7509b6559a0334a4,ExpertA,train
PUB-0311,7509b6559a0334a4,ExpertA,train
PUB-0312,7509b6559a0334a4,ExpertA,train
PUB-0201,dbbe127cc45d0ba3,ExpertA,train
PUB-0202,dbbe127cc45d0ba3,ExpertA,train
PUB-0203,dbbe127cc45d0ba3,ExpertA,train
PUB-0204,dbbe127cc45d0ba3,ExpertA,train
PUB-0281,c8342623ae1b4d0c,ExpertA,train
PUB-0282,c8342623ae1b4d0c,ExpertA,train
PUB-0283,c8342623ae1b4d0c,ExpertA,train
PUB-0284,c8342623ae1b4d0c,ExpertA,train
PUB-0017,344a0b4e23bb16a9,ExpertA,train
PUB-0018,344a0b4e23bb16a9,ExpertA,train
PUB-0019,344a0b4e23bb16a9,ExpertA,train
PUB-0020,344a0b4e23bb16a9,ExpertA,train
PUB-0177,5680276434fe0501,ExpertA,train
PUB-0178,5680276434fe0501,ExpertA,train
PUB-0179,5680276434fe0501,ExpertA,train
PUB-0180,5680276434fe0501,ExpertA,train
PUB-0197,0e9812c8198731aa,ExpertA,train
PUB-0198,0e9812c8198731aa,ExpertA,train
PUB-0199,0e9812c8198731aa,ExpertA,train
PUB-0200,0e9812c8198731aa,ExpertA,train
PUB-0269,c205631da13e4aa0,ExpertA,train
PUB-0270,c205631da13e4aa0,ExpertA,train
PUB-0271,c205631da13e4aa0,ExpertA,train
PUB-0272,c205631da13e4aa0,ExpertA,train
PUB-0129,22e58c5c76fe58fc,ExpertA,train
PUB-0130,22e58c5c76fe58fc,ExpertA,train
PUB-0131,22e58c5c76fe58fc,ExpertA,train
PUB-0132,22e58c5c76fe58fc,ExpertA,train
PUB-0025,a92bd6e22598cb5a,ExpertA,train
PUB-0026,a92bd6e22598cb5a,ExpertA,train
PUB-0027,a92bd6e22598cb5a,ExpertA,train
PUB-0028,a92bd6e22598cb5a,ExpertA,train
PUB-0089,cfbde3e98ac5a6c3,ExpertA,train
PUB-0090,cfbde3e98ac5a6c3,ExpertA,train
PUB-0091,cfbde3e98ac5a6c3,ExpertA,train
PUB-0092,cfbde3e98ac5a6c3,ExpertA,train
PUB-0397,e795467f7ffa0247,ExpertA,train
PUB-0398,e795467f7ffa0247,ExpertA,train
PUB-0399,e795467f7ffa0247,ExpertA,train
PUB-0400,e795467f7ffa0247,ExpertA,train
PUB-0217,621369c579692ce0,ExpertA,train
PUB-0218,621369c579692ce0,ExpertA,train
PUB-0219,621369c579692ce0,ExpertA,train
PUB-0220,621369c579692ce0,ExpertA,train
PUB-0221,984047af4eef5616,ExpertA,train
PUB-0222,984047af4eef5616,ExpertA,train
PUB-0223,984047af4eef5616,ExpertA,train
PUB-0224,984047af4eef5616,ExpertA,train
PUB-0005,5135a3662b1a2f69,ExpertA,train
PUB-0006,5135a3662b1a2f69,ExpertA,train
PUB-0007,5135a3662b1a2f69,ExpertA,train
PUB-0008,5135a3662b1a2f69,ExpertA,train
PUB-0045,40ad7115f8845b83,ExpertA,train
PUB-0046,40ad7115f8845b83,ExpertA,train
PUB-0047,40ad7115f8845b83,ExpertA,train
PUB-0048,40ad7115f8845b83,ExpertA,train
PUB-0081,c01ade5f25eecb68,ExpertA,train
PUB-0082,c01ade5f25eecb68,ExpertA,train
PUB-0083,c01ade5f25eecb68,ExpertA,train
PUB-0084,c01ade5f25eecb68,ExpertA,train
PUB-0265,de49fe24cd9bce71,ExpertA,train
PUB-0266,de49fe24cd9bce71,ExpertA,train
PUB-0267,de49fe24cd9bce71,ExpertA,train
PUB-0268,de49fe24cd9bce71,ExpertA,train
PUB-0241,94ebc7a6a45c92ce,ExpertA,train
PUB-0242,94ebc7a6a45c92ce,ExpertA,train
PUB-0243,94ebc7a6a45c92ce,ExpertA,train
PUB-0244,94ebc7a6a45c92ce,ExpertA,train
PUB-0189,6a53ce363f35ef6a,ExpertA,train
PUB-0190,6a53ce363f35ef6a,ExpertA,train
PUB-0191,6a53ce363f35ef6a,ExpertA,train
PUB-0192,6a53ce363f35ef6a,ExpertA,train
PUB-0393,4f808b66abca3fd2,ExpertA,train
PUB-0394,4f808b66abca3fd2,ExpertA,train
PUB-0395,4f808b66abca3fd2,ExpertA,train
PUB-0396,4f808b66abca3fd2,ExpertA,train
PUB-0181,6a7c4fe9c279f9da,ExpertA,train
PUB-0182,6a7c4fe9c279f9da,ExpertA,train
PUB-0183,6a7c4fe9c279f9da,ExpertA,train
PUB-0184,6a7c4fe9c279f9da,ExpertA,train
PUB-0261,1c2ca15a7f0de4ee,ExpertA,train
PUB-0262,1c2ca15a7f0de4ee,ExpertA,train
PUB-0263,1c2ca15a7f0de4ee,ExpertA,train
PUB-0264,1c2ca15a7f0de4ee,ExpertA,train
PUB-0333,1b22f29ec3f29fb5,ExpertA,train
PUB-0334,1b22f29ec3f29fb5,ExpertA,train
PUB-0335,1b22f29ec3f29fb5,ExpertA,train
PUB-0336,1b22f29ec3f29fb5,ExpertA,train
PUB-0389,03f9937c2bc74828,ExpertA,train
PUB-0390,03f9937c2bc74828,ExpertA,train
PUB-0391,03f9937c2bc74828,ExpertA,train
PUB-0392,03f9937c2bc74828,ExpertA,train
PUB-0033,e2b4b6d020679923,ExpertA,train
PUB-0034,e2b4b6d020679923,ExpertA,train
PUB-0035,e2b4b6d020679923,ExpertA,train
PUB-0036,e2b4b6d020679923,ExpertA,train
PUB-0245,61e371a31329054e,ExpertA,train
PUB-0246,61e371a31329054e,ExpertA,train
PUB-0247,61e371a31329054e,ExpertA,train
PUB-0248,61e371a31329054e,ExpertA,train
PUB-0117,187c5050c1e9d815,ExpertA,train
PUB-0118,187c5050c1e9d815,ExpertA,train
PUB-0119,187c5050c1e9d815,ExpertA,train
PUB-0120,187c5050c1e9d815,ExpertA,train
PUB-0325,358184350e798479,ExpertA,train
PUB-0326,358184350e798479,ExpertA,train
PUB-0327,358184350e798479,ExpertA,train
PUB-0328,358184350e798479,ExpertA,train
PUB-0233,f5bca61d96aeb112,ExpertA,train
PUB-0234,f5bca61d96aeb112,ExpertA,train
PUB-0235,f5bca61d96aeb112,ExpertA,train
PUB-0236,f5bca61d96aeb112,ExpertA,train
PUB-0069,f565560f47d73c69,ExpertA,train
PUB-0070,f565560f47d73c69,ExpertA,train
PUB-0071,f565560f47d73c69,ExpertA,train
PUB-0072,f565560f47d73c69,ExpertA,train
PUB-0053,54dc34ed329f3f9d,ExpertA,train
PUB-0054,54dc34ed329f3f9d,ExpertA,train
PUB-0055,54dc34ed329f3f9d,ExpertA,train
PUB-0056,54dc34ed329f3f9d,ExpertA,train
PUB-0121,b570bc4c2ed9ec13,ExpertA,train
PUB-0122,b570bc4c2ed9ec13,ExpertA,train
PUB-0123,b570bc4c2ed9ec13,ExpertA,train
PUB-0124,b570bc4c2ed9ec13,ExpertA,train
PUB-0229,5aab652f96bae9e7,ExpertA,train
PUB-0230,5aab652f96bae9e7,ExpertA,train
PUB-0231,5aab652f96bae9e7,ExpertA,train
PUB-0232,5aab652f96bae9e7,ExpertA,train
PUB-0249,2aec5ef62437260f,ExpertA,train
PUB-0250,2aec5ef62437260f,ExpertA,train
PUB-0251,2aec5ef62437260f,ExpertA,train
PUB-0252,2aec5ef62437260f,ExpertA,train
PUB-0385,3d5da4e57a4c16bb,ExpertA,train
PUB-0386,3d5da4e57a4c16bb,ExpertA,train
PUB-0387,3d5da4e57a4c16bb,ExpertA,train
PUB-0388,3d5da4e57a4c16bb,ExpertA,train
PUB-0205,00081913e597aa95,ExpertA,train
PUB-0206,00081913e597aa95,ExpertA,train
PUB-0207,00081913e597aa95,ExpertA,train
PUB-0208,00081913e597aa95,ExpertA,train
PUB-0285,68aac5b27513e40c,ExpertA,train
PUB-0286,68aac5b27513e40c,ExpertA,train
PUB-0287,68aac5b27513e40c,ExpertA,train
PUB-0288,68aac5b27513e40c,ExpertA,train
PUB-0021,78b64534cb410539,ExpertA,train
PUB-0022,78b64534cb410539,ExpertA,train
PUB-0023,78b64534cb410539,ExpertA,train
PUB-0024,78b64534cb410539,ExpertA,train
PUB-0377,938c85bf662a60cd,ExpertA,train
PUB-0378,938c85bf662a60cd,ExpertA,train
PUB-0379,938c85bf662a60cd,ExpertA,train
PUB-0380,938c85bf662a60cd,ExpertA,train
PUB-0357,16cde90e8bbc818e,ExpertA,train
PUB-0358,16cde90e8bbc818e,ExpertA,train
PUB-0359,16cde90e8bbc818e,ExpertA,train
PUB-0360,16cde90e8bbc818e,ExpertA,train
PUB-0165,4181167494b1091c,ExpertA,train
PUB-0166,4181167494b1091c,ExpertA,train
PUB-0167,4181167494b1091c,ExpertA,train
PUB-0168,4181167494b1091c,ExpertA,train
PUB-0137,3be89c511812c14f,ExpertA,train
PUB-0138,3be89c511812c14f,ExpertA,train
PUB-0139,3be89c511812c14f,ExpertA,train
PUB-0140,3be89c511812c14f,ExpertA,train
PUB-0445,cfed92c2ed65ce55,ExpertB,train
PUB-0446,cfed92c2ed65ce55,ExpertB,train
PUB-0447,cfed92c2ed65ce55,ExpertB,train
PUB-0448,cfed92c2ed65ce55,ExpertB,train
PUB-0601,1702fb3237833c6a,ExpertB,train
PUB-0602,1702fb3237833c6a,ExpertB,train
PUB-0603,1702fb3237833c6a,ExpertB,train
PUB-0604,1702fb3237833c6a,ExpertB,train
PUB-0729,aad67e3fbea2d085,ExpertB,train
PUB-0730,aad67e3fbea2d085,ExpertB,train
PUB-0731,aad67e3fbea2d085,ExpertB,train
PUB-0732,aad67e3fbea2d085,ExpertB,train
PUB-0593,fd41d59cb9c65efc,ExpertB,train
PUB-0594,fd41d59cb9c65efc,ExpertB,train
PUB-0595,fd41d59cb9c65efc,ExpertB,train
PUB-0596,fd41d59cb9c65efc,ExpertB,train
PUB-0653,e8898adea1895754,ExpertB,train
PUB-0654,e8898adea1895754,ExpertB,train
PUB-0655,e8898adea1895754,ExpertB,train
PUB-0656,e8898adea1895754,ExpertB,train
PUB-0689,216c61311042413e,ExpertB,train
PUB-0690,216c61311042413e,ExpertB,train
PUB-0691,216c61311042413e,ExpertB,train
PUB-0692,216c61311042413e,ExpertB,train
PUB-0469,5380c82a5b39ced3,ExpertB,train
PUB-0470,5380c82a5b39ced3,ExpertB,train
PUB-0471,5380c82a5b39ced3,ExpertB,train
PUB-0472,5380c82a5b39ced3,ExpertB,train
PUB-0733,a27592ec2b340e46,ExpertB,train
PUB-0734,a27592ec2b340e46,ExpertB,train
PUB-0735,a27592ec2b340e46,ExpertB,train
PUB-0736,a27592ec2b340e46,ExpertB,train
PUB-0401,abfd1a94b3e58f89,ExpertB,train
PUB-0402,abfd1a94b3e58f89,ExpertB,train
PUB-0403,abfd1a94b3e58f89,ExpertB,train
PUB-0404,abfd1a94b3e58f89,ExpertB,train
PUB-0637,0ceaa387644d770c,ExpertB,train
PUB-0638,0ceaa387644d770c,ExpertB,train
PUB-0639,0ceaa387644d770c,ExpertB,train
PUB-0640,0ceaa387644d770c,ExpertB,train
PUB-0409,c3f2151a250c2701,ExpertB,train
PUB-0410,c3f2151a250c2701,ExpertB,train
PUB-0411,c3f2151a250c2701,ExpertB,train
PUB-0412,c3f2151a250c2701,ExpertB,train
PUB-0765,cc276c8bf6639159,ExpertB,train
PUB-0766,cc276c8bf6639159,ExpertB,train
PUB-0767,cc276c8bf6639159,ExpertB,train
PUB-0768,cc276c8bf6639159,ExpertB,train
PUB-0721,8e95e8b1952c7d5b,ExpertB,train
PUB-0722,8e95e8b1952c7d5b,ExpertB,train
PUB-0723,8e95e8b1952c7d5b,ExpertB,train
PUB-0724,8e95e8b1952c7d5b,ExpertB,train
PUB-0757,dd345a19a6f60c3d,ExpertB,train
PUB-0758,dd345a19a6f60c3d,ExpertB,train
PUB-0759,dd345a19a6f60c3d,ExpertB,train
PUB-0760,dd345a19a6f60c3d,ExpertB,train
PUB-0665,2ebb4b39d99b22de,ExpertB,train
PUB-0666,2ebb4b39d99b22de,ExpertB,train
PUB-0667,2ebb4b39d99b22de,ExpertB,train
PUB-0668,2ebb4b39d99b22de,ExpertB,train
PUB-0725,68a2ec91e196f709,ExpertB,train
PUB-0726,68a2ec91e196f709,ExpertB,train
PUB-0727,68a2ec91e196f709,ExpertB,train
PUB-0728,68a2ec91e196f709,ExpertB,train
PUB-0457,efe674bc9065df2f,ExpertB,train
PUB-0458,efe674bc9065df2f,ExpertB,train
PUB-0459,efe674bc9065df2f,ExpertB,train
PUB-0460,efe674bc9065df2f,ExpertB,train
PUB-0501,cc74bc97b380259d,ExpertB,train
PUB-0502,cc74bc97b380259d,ExpertB,train
PUB-0503,cc74bc97b380259d,ExpertB,train
PUB-0504,cc74bc97b380259d,ExpertB,train
PUB-0681,432969004a6db90e,ExpertB,train
PUB-0682,432969004a6db90e,ExpertB,train
PUB-0683,432969004a6db90e,ExpertB,train
PUB-0684,432969004a6db90e,ExpertB,train
PUB-0545,a4a0c79ad3dd2890,ExpertB,train
PUB-0546,a4a0c79ad3dd2890,ExpertB,train
PUB-0547,a4a0c79ad3dd2890,ExpertB,train
PUB-0548,a4a0c79ad3dd2890,ExpertB,train
PUB-0485,7fb369d82a3e9e14,ExpertB,train
PUB-0486,7fb369d82a3e9e14,ExpertB,train
PUB-0487,7fb369d82a3e9e14,ExpertB,train
PUB-0488,7fb369d82a3e9e14,ExpertB,train
PUB-0489,96cb097ff971211c,ExpertB,train
PUB-0490,96cb097ff971211c,ExpertB,train
PUB-0491,96cb097ff971211c,ExpertB,train
PUB-0492,96cb097ff971211c,ExpertB,train
PUB-0569,be573f1911fb4506,ExpertB,train
PUB-0570,be573f1911fb4506,ExpertB,train
PUB-0571,be573f1911fb4506,ExpertB,train
PUB-0572,be573f1911fb4506,ExpertB,train
PUB-0429,3529fa85e50e517d,ExpertB,train
PUB-0430,3529fa85e50e517d,ExpertB,train
PUB-0431,3529fa85e50e517d,ExpertB,train
PUB-0432,3529fa85e50e517d,ExpertB,train
PUB-0621,c1de66fe93098e3f,ExpertB,train
PUB-0622,c1de66fe93098e3f,ExpertB,train
PUB-0623,c1de66fe93098e3f,ExpertB,train
PUB-0624,c1de66fe93098e3f,ExpertB,train
PUB-0693,d3aeaff47656b86d,ExpertB,train
PUB-0694,d3aeaff47656b86d,ExpertB,train
PUB-0695,d3aeaff47656b86d,ExpertB,train
PUB-0696,d3aeaff47656b86d,ExpertB,train
PUB-0701,fc3620e332b44d57,ExpertB,train
PUB-0702,fc3620e332b44d57,ExpertB,train
PUB-0703,fc3620e332b44d57,ExpertB,train
PUB-0704,fc3620e332b44d57,ExpertB,train
PUB-0789,c31e56388866a60b,ExpertB,train
PUB-0790,c31e56388866a60b,ExpertB,train
PUB-0791,c31e56388866a60b,ExpertB,train
PUB-0792,c31e56388866a60b,ExpertB,train
PUB-0753,c5ba166f6f761922,ExpertB,train
PUB-0754,c5ba166f6f761922,ExpertB,train
PUB-0755,c5ba166f6f761922,ExpertB,train
PUB-0756,c5ba166f6f761922,ExpertB,train
PUB-0481,0cffbd2da57c31e1,ExpertB,train
PUB-0482,0cffbd2da57c31e1,ExpertB,train
PUB-0483,0cffbd2da57c31e1,ExpertB,train
PUB-0484,0cffbd2da57c31e1,ExpertB,train
PUB-0413,ac4de98e17931f85,ExpertB,train
PUB-0414,ac4de98e17931f85,ExpertB,train
PUB-0415,ac4de98e17931f85,ExpertB,train
PUB-0416,ac4de98e17931f85,ExpertB,train
PUB-0785,0914252d82659d35,ExpertB,train
PUB-0786,0914252d82659d35,ExpertB,train
PUB-0787,0914252d82659d35,ExpertB,train
PUB-0788,0914252d82659d35,ExpertB,train
PUB-0477,256c02c6ec430e5b,ExpertB,train
PUB-0478,256c02c6ec430e5b,ExpertB,train
PUB-0479,256c02c6ec430e5b,ExpertB,train
PUB-0480,256c02c6ec430e5b,ExpertB,train
PUB-0557,20c4638c003f0a82,ExpertB,train
PUB-0558,20c4638c003f0a82,ExpertB,train
PUB-0559,20c4638c003f0a82,ExpertB,train
PUB-0560,20c4638c003f0a82,ExpertB,train
PUB-0777,0424a3be472583d4,ExpertB,train
PUB-0778,0424a3be472583d4,ExpertB,train
PUB-0779,0424a3be472583d4,ExpertB,train
PUB-0780,0424a3be472583d4,ExpertB,train
PUB-0685,be72b37f6eff4b9b,ExpertB,train
PUB-0686,be72b37f6eff4b9b,ExpertB,train
PUB-0687,be72b37f6eff4b9b,ExpertB,train
PUB-0688,be72b37f6eff4b9b,ExpertB,train
PUB-0697,85510d38afeaa051,ExpertB,train
PUB-0698,85510d38afeaa051,ExpertB,train
PUB-0699,85510d38afeaa051,ExpertB,train
PUB-0700,85510d38afeaa051,ExpertB,train
PUB-0525,92f16156ecde4a54,ExpertB,train
PUB-0526,92f16156ecde4a54,ExpertB,train
PUB-0527,92f16156ecde4a54,ExpertB,train
PUB-0528,92f16156ecde4a54,ExpertB,train
PUB-0433,a91df27f0a798a4e,ExpertB,train
PUB-0434,a91df27f0a798a4e,ExpertB,train
PUB-0435,a91df27f0a798a4e,ExpertB,train
PUB-0436,a91df27f0a798a4e,ExpertB,train
PUB-0741,79c99ce587f75fd4,ExpertB,train
PUB-0742,79c99ce587f75fd4,ExpertB,train
PUB-0743,79c99ce587f75fd4,ExpertB,train
PUB-0744,79c99ce587f75fd4,ExpertB,train
PUB-0529,eca2519c090a8320,ExpertB,train
PUB-0530,eca2519c090a8320,ExpertB,train
PUB-0531,eca2519c090a8320,ExpertB,train
PUB-0532,eca2519c090a8320,ExpertB,train
PUB-0657,78c603f1328a60e6,ExpertB,train
PUB-0658,78c603f1328a60e6,ExpertB,train
PUB-0659,78c603f1328a60e6,ExpertB,train
PUB-0660,78c603f1328a60e6,ExpertB,train
PUB-0605,b2e181b13f2d62b5,ExpertB,train
PUB-0606,b2e181b13f2d62b5,ExpertB,train
PUB-0607,b2e181b13f2d62b5,ExpertB,train
PUB-0608,b2e181b13f2d62b5,ExpertB,train
PUB-0773,4d34ab77aeefe61f,ExpertB,train
PUB-0774,4d34ab77aeefe61f,ExpertB,train
PUB-0775,4d34ab77aeefe61f,ExpertB,train
PUB-0776,4d34ab77aeefe61f,ExpertB,train
PUB-0717,332f50e5a0c8f91b,ExpertB,train
PUB-0718,332f50e5a0c8f91b,ExpertB,train
PUB-0719,332f50e5a0c8f91b,ExpertB,train
PUB-0720,332f50e5a0c8f91b,ExpertB,train
PUB-0661,e2bce2a5e835762b,ExpertB,train
PUB-0662,e2bce2a5e835762b,ExpertB,train
PUB-0663,e2bce2a5e835762b,ExpertB,train
PUB-0664,e2bce2a5e835762b,ExpertB,train
PUB-0749,2d14e9e2e458850a,ExpertB,train
PUB-0750,2d14e9e2e458850a,ExpertB,train
PUB-0751,2d14e9e2e458850a,ExpertB,train
PUB-0752,2d14e9e2e458850a,ExpertB,train
PUB-0781,f4446aac1fe5fd7c,ExpertB,train
PUB-0782,f4446aac1fe5fd7c,ExpertB,train
PUB-0783,f4446aac1fe5fd7c,ExpertB,train
PUB-0784,f4446aac1fe5fd7c,ExpertB,train
PUB-0745,cc63bde725b7e5ac,ExpertB,train
PUB-0746,cc63bde725b7e5ac,ExpertB,train
PUB-0747,cc63bde725b7e5ac,ExpertB,train
PUB-0748,cc63bde725b7e5ac,ExpertB,train
PUB-0461,a122836a8bc73d95,ExpertB,train
PUB-0462,a122836a8bc73d95,ExpertB,train
PUB-0463,a122836a8bc73d95,ExpertB,train
PUB-0464,a122836a8bc73d95,ExpertB,train
PUB-0405,1f991b9dde69f9dc,ExpertB,train
PUB-0406,1f991b9dde69f9dc,ExpertB,train
PUB-0407,1f991b9dde69f9dc,ExpertB,train
PUB-0408,1f991b9dde69f9dc,ExpertB,train
PUB-0609,a30aa4f3e13448f4,ExpertB,train
PUB-0610,a30aa4f3e13448f4,ExpertB,train
PUB-0611,a30aa4f3e13448f4,ExpertB,train
PUB-0612,a30aa4f3e13448f4,ExpertB,train
PUB-0533,780c3315ec5f1aeb,ExpertB,train
PUB-0534,780c3315ec5f1aeb,ExpertB,train
PUB-0535,780c3315ec5f1aeb,ExpertB,train
PUB-0536,780c3315ec5f1aeb,ExpertB,train
PUB-0581,129b021f6fb15977,ExpertB,train
PUB-0582,129b021f6fb15977,ExpertB,train
PUB-0583,129b021f6fb15977,ExpertB,train
PUB-0584,129b021f6fb15977,ExpertB,train
PUB-0537,3a501e6701bd6c19,ExpertB,train
PUB-0538,3a501e6701bd6c19,ExpertB,train
PUB-0539,3a501e6701bd6c19,ExpertB,train
PUB-0540,3a501e6701bd6c19,ExpertB,train
PUB-0589,2d1583df8c1b4229,ExpertB,train
PUB-0590,2d1583df8c1b4229,ExpertB,train
PUB-0591,2d1583df8c1b4229,ExpertB,train
PUB-0592,2d1583df8c1b4229,ExpertB,train
PUB-0633,e4bdbff660e7fbc3,ExpertB,train
PUB-0634,e4bdbff660e7fbc3,ExpertB,train
PUB-0635,e4bdbff660e7fbc3,ExpertB,train
PUB-0636,e4bdbff660e7fbc3,ExpertB,train
PUB-0629,e49a880ddd8b0d04,ExpertB,train
PUB-0630,e49a880ddd8b0d04,ExpertB,train
PUB-0631,e49a880ddd8b0d04,ExpertB,train
PUB-0632,e49a880ddd8b0d04,ExpertB,train
PUB-0513,8950c47e0110a1f5,ExpertB,train
PUB-0514,8950c47e0110a1f5,ExpertB,train
PUB-0515,8950c47e0110a1f5,ExpertB,train
PUB-0516,8950c47e0110a1f5,ExpertB,train
PUB-0505,5d6c7b2a379cd7a0,ExpertB,train
PUB-0506,5d6c7b2a379cd7a0,ExpertB,train
PUB-0507,5d6c7b2a379cd7a0,ExpertB,train
PUB-0508,5d6c7b2a379cd7a0,ExpertB,train
PUB-0793,d5c783979eb196ec,ExpertB,train
PUB-0794,d5c783979eb196ec,ExpertB,train
PUB-0795,d5c783979eb196ec,ExpertB,train
PUB-0796,d5c783979eb196ec,ExpertB,train
PUB-0713,55c6dfce8f733f96,ExpertB,train
PUB-0714,55c6dfce8f733f96,ExpertB,train
PUB-0715,55c6dfce8f733f96,ExpertB,train
PUB-0716,55c6dfce8f733f96,ExpertB,train
PUB-0565,934c22a0eb101c6c,ExpertB,train
PUB-0566,934c22a0eb101c6c,ExpertB,train
PUB-0567,934c22a0eb101c6c,ExpertB,train
PUB-0568,934c22a0eb101c6c,ExpertB,train
PUB-0613,b5c2d350e6a9387b,ExpertB,train
PUB-0614,b5c2d350e6a9387b,ExpertB,train
PUB-0615,b5c2d350e6a9387b,ExpertB,train
PUB-0616,b5c2d350e6a9387b,ExpertB,train
PUB-0425,fe3acd8fe2b51849,ExpertB,train
PUB-0426,fe3acd8fe2b51849,ExpertB,train
PUB-0427,fe3acd8fe2b51849,ExpertB,train
PUB-0428,fe3acd8fe2b51849,ExpertB,train
PUB-0617,c199db8d1fc4cb1d,ExpertB,train
PUB-0618,c199db8d1fc4cb1d,ExpertB,train
PUB-0619,c199db8d1fc4cb1d,ExpertB,train
PUB-0620,c199db8d1fc4cb1d,ExpertB,train
PUB-0453,5462589c8294d110,ExpertB,train
PUB-0454,5462589c8294d110,ExpertB,train
PUB-0455,5462589c8294d110,ExpertB,train
PUB-0456,5462589c8294d110,ExpertB,train
PUB-0737,aabedf29d9d85afe,ExpertB,train
PUB-0738,aabedf29d9d85afe,ExpertB,train
PUB-0739,aabedf29d9d85afe,ExpertB,train
PUB-0740,aabedf29d9d85afe,ExpertB,train
PUB-0421,7feb5f158155e247,ExpertB,train
PUB-0422,7feb5f158155e247,ExpertB,train
PUB-0423,7feb5f158155e247,ExpertB,train
PUB-0424,7feb5f158155e247,ExpertB,train
PUB-0673,39c6f89127f1bf15,ExpertB,train
PUB-0674,39c6f89127f1bf15,ExpertB,train
PUB-0675,39c6f89127f1bf15,ExpertB,train
PUB-0676,39c6f89127f1bf15,ExpertB,train
PUB-1001,2595a33e3772edff,ExpertC,train
PUB-1002,2595a33e3772edff,ExpertC,train
PUB-1003,2595a33e3772edff,ExpertC,train
PUB-1004,2595a33e3772edff,ExpertC,train
PUB-0869,2dda3f01078fb86e,ExpertC,train
PUB-0870,2dda3f01078fb86e,ExpertC,train
PUB-0871,2dda3f01078fb86e,ExpertC,train
PUB-0872,2dda3f01078fb86e,ExpertC,train
PUB-1013,884b3c632f729804,ExpertC,train
PUB-1014,884b3c632f729804,ExpertC,train
PUB-1015,884b3c632f729804,ExpertC,train
PUB-1016,884b3c632f729804,ExpertC,train
PUB-1181,b1bae26a14f5d4ea,ExpertC,train
PUB-1182,b1bae26a14f5d4ea,ExpertC,train
PUB-1183,b1bae26a14f5d4ea,ExpertC,train
PUB-1184,b1bae26a14f5d4ea,ExpertC,train
PUB-0805,f1a1a725479d8ee1,ExpertC,train
PUB-0806,f1a1a725479d8ee1,ExpertC,train
PUB-0807,f1a1a725479d8ee1,ExpertC,train
PUB-0808,f1a1a725479d8ee1,ExpertC,train
PUB-1041,0e286a2a4121cbe5,ExpertC,train
PUB-1042,0e286a2a4121cbe5,ExpertC,train
PUB-1043,0e286a2a4121cbe5,ExpertC,train
PUB-1044,0e286a2a4121cbe5,ExpertC,train
PUB-1057,b984854c5462e662,ExpertC,train
PUB-1058,b984854c5462e662,ExpertC,train
PUB-1059,b984854c5462e662,ExpertC,train
PUB-1060,b984854c5462e662,ExpertC,train
PUB-0885,bf647a59e3919bd0,ExpertC,train
PUB-0886,bf647a59e3919bd0,ExpertC,train
PUB-0887,bf647a59e3919bd0,ExpertC,train
PUB-0888,bf647a59e3919bd0,ExpertC,train
PUB-0957,0da922ca5ec9a7f7,ExpertC,train
PUB-0958,0da922ca5ec9a7f7,ExpertC,train
PUB-0959,0da922ca5ec9a7f7,ExpertC,train
PUB-0960,0da922ca5ec9a7f7,ExpertC,train
PUB-0977,84c07060096eb65d,ExpertC,train
PUB-0978,84c07060096eb65d,ExpertC,train
PUB-0979,84c07060096eb65d,ExpertC,train
PUB-0980,84c07060096eb65d,ExpertC,train
PUB-0925,50f07ca5a9f1e1a0,ExpertC,train
PUB-0926,50f07ca5a9f1e1a0,ExpertC,train
PUB-0927,50f07ca5a9f1e1a0,ExpertC,train
PUB-0928,50f07ca5a9f1e1a0,ExpertC,train
PUB-0813,5596cc38ea1afa68,ExpertC,train
PUB-0814,5596cc38ea1afa68,ExpertC,train
PUB-0815,5596cc38ea1afa68,ExpertC,train
PUB-0816,5596cc38ea1afa68,ExpertC,train
PUB-1165,875b99cd5f58d2c3,ExpertC,train
PUB-1166,875b99cd5f58d2c3,ExpertC,train
PUB-1167,875b99cd5f58d2c3,ExpertC,train
PUB-1168,875b99cd5f58d2c3,ExpertC,train
PUB-1113,9991e39874846b9b,ExpertC,train
PUB-1114,9991e39874846b9b,ExpertC,train
PUB-1115,9991e39874846b9b,ExpertC,train
PUB-1116,9991e39874846b9b,ExpertC,train
PUB-0941,2576086e0e2b486e,ExpertC,train
PUB-0942,2576086e0e2b486e,ExpertC,train
PUB-0943,2576086e0e2b486e,ExpertC,train
PUB-0944,2576086e0e2b486e,ExpertC,train
PUB-0901,b30ee13c61547005,ExpertC,train
PUB-0902,b30ee13c61547005,ExpertC,train
PUB-0903,b30ee13c61547005,ExpertC,train
PUB-0904,b30ee13c61547005,ExpertC,train
PUB-1169,ca2292c57e461abd,ExpertC,train
PUB-1170,ca2292c57e461abd,ExpertC,train
PUB-1171,ca2292c57e461abd,ExpertC,train
PUB-1172,ca2292c57e461abd,ExpertC,train
PUB-0993,77219bc04787e22a,ExpertC,train
PUB-0994,77219bc04787e22a,ExpertC,train
PUB-0995,77219bc04787e22a,ExpertC,train
PUB-0996,77219bc04787e22a,ExpertC,train
PUB-0969,07172c0de1ee1a95,ExpertC,train
PUB-0970,07172c0de1ee1a95,ExpertC,train
PUB-0971,07172c0de1ee1a95,ExpertC,train
PUB-0972,07172c0de1ee1a95,ExpertC,train
PUB-0973,87904be881446b3d,ExpertC,train
PUB-0974,87904be881446b3d,ExpertC,train
PUB-0975,87904be881446b3d,ExpertC,train
PUB-0976,87904be881446b3d,ExpertC,train
PUB-0921,001a61af0d915b7a,ExpertC,train
PUB-0922,001a61af0d915b7a,ExpertC,train
PUB-0923,001a61af0d915b7a,ExpertC,train
PUB-0924,001a61af0d915b7a,ExpertC,train
PUB-0961,e7e509e6b234e61f,ExpertC,train
PUB-0962,e7e509e6b234e61f,ExpertC,train
PUB-0963,e7e509e6b234e61f,ExpertC,train
PUB-0964,e7e509e6b234e61f,ExpertC,train
PUB-0841,e50b730b3dd85e55,ExpertC,train
PUB-0842,e50b730b3dd85e55,ExpertC,train
PUB-0843,e50b730b3dd85e55,ExpertC,train
PUB-0844,e50b730b3dd85e55,ExpertC,train
PUB-1077,bd42a1f52bdddb35,ExpertC,train
PUB-1078,bd42a1f52bdddb35,ExpertC,train
PUB-1079,bd42a1f52bdddb35,ExpertC,train
PUB-1080,bd42a1f52bdddb35,ExpertC,train
PUB-1145,b4b5174279725d38,ExpertC,train
PUB-1146,b4b5174279725d38,ExpertC,train
PUB-1147,b4b5174279725d38,ExpertC,train
PUB-1148,b4b5174279725d38,ExpertC,train
PUB-1125,37cc8a7c658a73cd,ExpertC,train
PUB-1126,37cc8a7c658a73cd,ExpertC,train
PUB-1127,37cc8a7c658a73cd,ExpertC,train
PUB-1128,37cc8a7c658a73cd,ExpertC,train
PUB-0833,8bd7b5d765b81d80,ExpertC,train
PUB-0834,8bd7b5d765b81d80,ExpertC,train
PUB-0835,8bd7b5d765b81d80,ExpertC,train
PUB-0836,8bd7b5d765b81d80,ExpertC,train
PUB-1029,455d0a2d9e640d1d,ExpertC,train
PUB-1030,455d0a2d9e640d1d,ExpertC,train
PUB-1031,455d0a2d9e640d1d,ExpertC,train
PUB-1032,455d0a2d9e640d1d,ExpertC,train
PUB-0861,63b84ec508ad82ed,ExpertC,train
PUB-0862,63b84ec508ad82ed,ExpertC,train
PUB-0863,63b84ec508ad82ed,ExpertC,train
PUB-0864,63b84ec508ad82ed,ExpertC,train
PUB-1005,e853dac56de4a6fa,ExpertC,train
PUB-1006,e853dac56de4a6fa,ExpertC,train
PUB-1007,e853dac56de4a6fa,ExpertC,train
PUB-1008,e853dac56de4a6fa,ExpertC,train
PUB-1137,7b3b889c8ea88b16,ExpertC,train
PUB-1138,7b3b889c8ea88b16,ExpertC,train
PUB-1139,7b3b889c8ea88b16,ExpertC,train
PUB-1140,7b3b889c8ea88b16,ExpertC,train
PUB-1021,6bbe0c304773b669,ExpertC,train
PUB-1022,6bbe0c304773b669,ExpertC,train
PUB-1023,6bbe0c304773b669,ExpertC,train
PUB-1024,6bbe0c304773b669,ExpertC,train
PUB-1033,a011f1acf95b50c8,ExpertC,train
PUB-1034,a011f1acf95b50c8,ExpertC,train
PUB-1035,a011f1acf95b50c8,ExpertC,train
PUB-1036,a011f1acf95b50c8,ExpertC,train
PUB-1129,af755bcff2897578,ExpertC,train
PUB-1130,af755bcff2897578,ExpertC,train
PUB-1131,af755bcff2897578,ExpertC,train
PUB-1132,af755bcff2897578,ExpertC,train
PUB-0877,e1b9b5dab15ea4a1,ExpertC,train
PUB-0878,e1b9b5dab15ea4a1,ExpertC,train
PUB-0879,e1b9b5dab15ea4a1,ExpertC,train
PUB-0880,e1b9b5dab15ea4a1,ExpertC,train
PUB-1185,51ea65421e304f7c,ExpertC,train
PUB-1186,51ea65421e304f7c,ExpertC,train
PUB-1187,51ea65421e304f7c,ExpertC,train
PUB-1188,51ea65421e304f7c,ExpertC,train
PUB-0933,faa1ba612c1cb7ae,ExpertC,train
PUB-0934,faa1ba612c1cb7ae,ExpertC,train
PUB-0935,faa1ba612c1cb7ae,ExpertC,train
PUB-0936,faa1ba612c1cb7ae,ExpertC,train
PUB-0905,6ccb0bdea14a5dbd,ExpertC,train
PUB-0906,6ccb0bdea14a5dbd,ExpertC,train
PUB-0907,6ccb0bdea14a5dbd,ExpertC,train
PUB-0908,6ccb0bdea14a5dbd,ExpertC,train
PUB-0945,e734c789b7f7a681,ExpertC,train
PUB-0946,e734c789b7f7a681,ExpertC,train
PUB-0947,e734c789b7f7a681,ExpertC,train
PUB-0948,e734c789b7f7a681,ExpertC,train
PUB-1173,a58979a152ebeb7b,ExpertC,train
PUB-1174,a58979a152ebeb7b,ExpertC,train
PUB-1175,a58979a152ebeb7b,ExpertC,train
PUB-1176,a58979a152ebeb7b,ExpertC,train
PUB-1089,e3d573afe8063d69,ExpertC,train
PUB-1090,e3d573afe8063d69,ExpertC,train
PUB-1091,e3d573afe8063d69,ExpertC,train
PUB-1092,e3d573afe8063d69,ExpertC,train
PUB-0929,56c4ff642135c52f,ExpertC,train
PUB-0930,56c4ff642135c52f,ExpertC,train
PUB-0931,56c4ff642135c52f,ExpertC,train
PUB-0932,56c4ff642135c52f,ExpertC,train
PUB-1085,71f77c8e4455c381,ExpertC,train
PUB-1086,71f77c8e4455c381,ExpertC,train
PUB-1087,71f77c8e4455c381,ExpertC,train
PUB-1088,71f77c8e4455c381,ExpertC,train
PUB-1141,89be1552ba41097d,ExpertC,train
PUB-1142,89be1552ba41097d,ExpertC,train
PUB-1143,89be1552ba41097d,ExpertC,train
PUB-1144,89be1552ba41097d,ExpertC,train
PUB-1025,a15380c0defc02df,ExpertC,train
PUB-1026,a15380c0defc02df,ExpertC,train
PUB-1027,a15380c0defc02df,ExpertC,train
PUB-1028,a15380c0defc02df,ExpertC,train
PUB-1069,d0572cf688a44b48,ExpertC,train
PUB-1070,d0572cf688a44b48,ExpertC,train
PUB-1071,d0572cf688a44b48,ExpertC,train
PUB-1072,d0572cf688a44b48,ExpertC,train
PUB-0865,b96aad697059f359,ExpertC,train
PUB-0866,b96aad697059f359,ExpertC,train
PUB-0867,b96aad697059f359,ExpertC,train
PUB-0868,b96aad697059f359,ExpertC,train
PUB-1037,5ef68d9099cd0529,ExpertC,train
PUB-1038,5ef68d9099cd0529,ExpertC,train
PUB-1039,5ef68d9099cd0529,ExpertC,train
PUB-1040,5ef68d9099cd0529,ExpertC,train
PUB-1045,2a7bac58ae3c8529,ExpertC,train
PUB-1046,2a7bac58ae3c8529,ExpertC,train
PUB-1047,2a7bac58ae3c8529,ExpertC,train
PUB-1048,2a7bac58ae3c8529,ExpertC,train
PUB-0913,57bbbfebb18c14b4,ExpertC,train
PUB-0914,57bbbfebb18c14b4,ExpertC,train
PUB-0915,57bbbfebb18c14b4,ExpertC,train
PUB-0916,57bbbfebb18c14b4,ExpertC,train
PUB-0873,85ebccf84486796d,ExpertC,train
PUB-0874,85ebccf84486796d,ExpertC,train
PUB-0875,85ebccf84486796d,ExpertC,train
PUB-0876,85ebccf84486796d,ExpertC,train
PUB-1193,9316041abc6991ae,ExpertC,train
PUB-1194,9316041abc6991ae,ExpertC,train
PUB-1195,9316041abc6991ae,ExpertC,train
PUB-1196,9316041abc6991ae,ExpertC,train
PUB-0893,63c01831b56e3ec3,ExpertC,train
PUB-0894,63c01831b56e3ec3,ExpertC,train
PUB-0895,63c01831b56e3ec3,ExpertC,train
PUB-0896,63c01831b56e3ec3,ExpertC,train
PUB-0953,ddc5e56b4f7762ba,ExpertC,train
PUB-0954,ddc5e56b4f7762ba,ExpertC,train
PUB-0955,ddc5e56b4f7762ba,ExpertC,train
PUB-0956,ddc5e56b4f7762ba,ExpertC,train
PUB-0965,b9e37fdd19f306ea,ExpertC,train
PUB-0966,b9e37fdd19f306ea,ExpertC,train
PUB-0967,b9e37fdd19f306ea,ExpertC,train
PUB-0968,b9e37fdd19f306ea,ExpertC,train
PUB-1189,e2c620fb3c8a6008,ExpertC,train
PUB-1190,e2c620fb3c8a6008,ExpertC,train
PUB-1191,e2c620fb3c8a6008,ExpertC,train
PUB-1192,e2c620fb3c8a6008,ExpertC,train
PUB-0825,1620d21013561181,ExpertC,train
PUB-0826,1620d21013561181,ExpertC,train
PUB-0827,1620d21013561181,ExpertC,train
PUB-0828,1620d21013561181,ExpertC,train
PUB-1157,992c98547806cd0f,ExpertC,train
PUB-1158,992c98547806cd0f,ExpertC,train
PUB-1159,992c98547806cd0f,ExpertC,train
PUB-1160,992c98547806cd0f,ExpertC,train
PUB-1081,2c03835c21c477b4,ExpertC,train
PUB-1082,2c03835c21c477b4,ExpertC,train
PUB-1083,2c03835c21c477b4,ExpertC,train
PUB-1084,2c03835c21c477b4,ExpertC,train
PUB-1109,ba6b0da2d9021b2b,ExpertC,train
PUB-1110,ba6b0da2d9021b2b,ExpertC,train
PUB-1111,ba6b0da2d9021b2b,ExpertC,train
PUB-1112,ba6b0da2d9021b2b,ExpertC,train
PUB-0881,49063597b18c0d93,ExpertC,train
PUB-0882,49063597b18c0d93,ExpertC,train
PUB-0883,49063597b18c0d93,ExpertC,train
PUB-0884,49063597b18c0d93,ExpertC,train
PUB-1161,fc29944edfe7d1ff,ExpertC,train
PUB-1162,fc29944edfe7d1ff,ExpertC,train
PUB-1163,fc29944edfe7d1ff,ExpertC,train
PUB-1164,fc29944edfe7d1ff,ExpertC,train
PUB-1049,52ee3e0919b1b84d,ExpertC,train
PUB-1050,52ee3e0919b1b84d,ExpertC,train
PUB-1051,52ee3e0919b1b84d,ExpertC,train
PUB-1052,52ee3e0919b1b84d,ExpertC,train
PUB-1177,36446c502a9670b8,ExpertC,train
PUB-1178,36446c502a9670b8,ExpertC,train
PUB-1179,36446c502a9670b8,ExpertC,train
PUB-1180,36446c502a9670b8,ExpertC,train
PUB-1097,dc8b17c326d036ec,ExpertC,train
PUB-1098,dc8b17c326d036ec,ExpertC,train
PUB-1099,dc8b17c326d036ec,ExpertC,train
PUB-1100,dc8b17c326d036ec,ExpertC,train
PUB-1153,a737843b149f1940,ExpertC,train
PUB-1154,a737843b149f1940,ExpertC,train
PUB-1155,a737843b149f1940,ExpertC,train
PUB-1156,a737843b149f1940,ExpertC,train
PUB-0809,82307f28786b987c,ExpertC,train
PUB-0810,82307f28786b987c,ExpertC,train
PUB-0811,82307f28786b987c,ExpertC,train
PUB-0812,82307f28786b987c,ExpertC,train
PUB-1065,d6aa1f403debd895,ExpertC,train
PUB-1066,d6aa1f403debd895,ExpertC,train
PUB-1067,d6aa1f403debd895,ExpertC,train
PUB-1068,d6aa1f403debd895,ExpertC,train
PUB-0817,28e45b5d7d2b8d0f,ExpertC,train
PUB-0818,28e45b5d7d2b8d0f,ExpertC,train
PUB-0819,28e45b5d7d2b8d0f,ExpertC,train
PUB-0820,28e45b5d7d2b8d0f,ExpertC,train
PUB-0849,23d02998b0951101,ExpertC,train
PUB-0850,23d02998b0951101,ExpertC,train
PUB-0851,23d02998b0951101,ExpertC,train
PUB-0852,23d02998b0951101,ExpertC,train
PUB-0105,eed2d712bd717384,ExpertA,validation
PUB-0106,eed2d712bd717384,ExpertA,validation
PUB-0107,eed2d712bd717384,ExpertA,validation
PUB-0108,eed2d712bd717384,ExpertA,validation
PUB-0001,ff94f90abeedc0dc,ExpertA,validation
PUB-0002,ff94f90abeedc0dc,ExpertA,validation
PUB-0003,ff94f90abeedc0dc,ExpertA,validation
PUB-0004,ff94f90abeedc0dc,ExpertA,validation
PUB-0257,f8b98512d292539a,ExpertA,validation
PUB-0258,f8b98512d292539a,ExpertA,validation
PUB-0259,f8b98512d292539a,ExpertA,validation
PUB-0260,f8b98512d292539a,ExpertA,validation
PUB-0213,6153c654f7568276,ExpertA,validation
PUB-0214,6153c654f7568276,ExpertA,validation
PUB-0215,6153c654f7568276,ExpertA,validation
PUB-0216,6153c654f7568276,ExpertA,validation
PUB-0093,27f7fe6b07ae70c8,ExpertA,validation
PUB-0094,27f7fe6b07ae70c8,ExpertA,validation
PUB-0095,27f7fe6b07ae70c8,ExpertA,validation
PUB-0096,27f7fe6b07ae70c8,ExpertA,validation
PUB-0225,4421d2a57917e99f,ExpertA,validation
PUB-0226,4421d2a57917e99f,ExpertA,validation
PUB-0227,4421d2a57917e99f,ExpertA,validation
PUB-0228,4421d2a57917e99f,ExpertA,validation
PUB-0049,d1a08169b151cf5f,ExpertA,validation
PUB-0050,d1a08169b151cf5f,ExpertA,validation
PUB-0051,d1a08169b151cf5f,ExpertA,validation
PUB-0052,d1a08169b151cf5f,ExpertA,validation
PUB-0337,e07144c1f85343cf,ExpertA,validation
PUB-0338,e07144c1f85343cf,ExpertA,validation
PUB-0339,e07144c1f85343cf,ExpertA,validation
PUB-0340,e07144c1f85343cf,ExpertA,validation
PUB-0369,37ac2c6711061bd8,ExpertA,validation
PUB-0370,37ac2c6711061bd8,ExpertA,validation
PUB-0371,37ac2c6711061bd8,ExpertA,validation
PUB-0372,37ac2c6711061bd8,ExpertA,validation
PUB-0085,ce6b1ef96624a6ff,ExpertA,validation
PUB-0086,ce6b1ef96624a6ff,ExpertA,validation
PUB-0087,ce6b1ef96624a6ff,ExpertA,validation
PUB-0088,ce6b1ef96624a6ff,ExpertA,validation
PUB-0345,bd26490ca8c98f04,ExpertA,validation
PUB-0346,bd26490ca8c98f04,ExpertA,validation
PUB-0347,bd26490ca8c98f04,ExpertA,validation
PUB-0348,bd26490ca8c98f04,ExpertA,validation
PUB-0329,dea7d764a610f832,ExpertA,validation
PUB-0330,dea7d764a610f832,ExpertA,validation
PUB-0331,dea7d764a610f832,ExpertA,validation
PUB-0332,dea7d764a610f832,ExpertA,validation
PUB-0373,264c184b60b39d56,ExpertA,validation
PUB-0374,264c184b60b39d56,ExpertA,validation
PUB-0375,264c184b60b39d56,ExpertA,validation
PUB-0376,264c184b60b39d56,ExpertA,validation
PUB-0313,2585b84fd6b30e80,ExpertA,validation
PUB-0314,2585b84fd6b30e80,ExpertA,validation
PUB-0315,2585b84fd6b30e80,ExpertA,validation
PUB-0316,2585b84fd6b30e80,ExpertA,validation
PUB-0289,3d2c0dc8ed4dcaf7,ExpertA,validation
PUB-0290,3d2c0dc8ed4dcaf7,ExpertA,validation
PUB-0291,3d2c0dc8ed4dcaf7,ExpertA,validation
PUB-0292,3d2c0dc8ed4dcaf7,ExpertA,validation
PUB-0645,49c5309c0886a6c9,ExpertB,validation
PUB-0646,49c5309c0886a6c9,ExpertB,validation
PUB-0647,49c5309c0886a6c9,ExpertB,validation
PUB-0648,49c5309c0886a6c9,ExpertB,validation
PUB-0797,ef56f37aafdf80fa,ExpertB,validation
PUB-0798,ef56f37aafdf80fa,ExpertB,validation
PUB-0799,ef56f37aafdf80fa,ExpertB,validation
PUB-0800,ef56f37aafdf80fa,ExpertB,validation
PUB-0769,446b485d38593712,ExpertB,validation
PUB-0770,446b485d38593712,ExpertB,validation
PUB-0771,446b485d38593712,ExpertB,validation
PUB-0772,446b485d38593712,ExpertB,validation
PUB-0585,e60c07790c1327a8,ExpertB,validation
PUB-0586,e60c07790c1327a8,ExpertB,validation
PUB-0587,e60c07790c1327a8,ExpertB,validation
PUB-0588,e60c07790c1327a8,ExpertB,validation
PUB-0437,4e350c3fbdde09bf,ExpertB,validation
PUB-0438,4e350c3fbdde09bf,ExpertB,validation
PUB-0439,4e350c3fbdde09bf,ExpertB,validation
PUB-0440,4e350c3fbdde09bf,ExpertB,validation
PUB-0517,7d086d6d88b5a700,ExpertB,validation
PUB-0518,7d086d6d88b5a700,ExpertB,validation
PUB-0519,7d086d6d88b5a700,ExpertB,validation
PUB-0520,7d086d6d88b5a700,ExpertB,validation
PUB-0649,cc353e50519f6277,ExpertB,validation
PUB-0650,cc353e50519f6277,ExpertB,validation
PUB-0651,cc353e50519f6277,ExpertB,validation
PUB-0652,cc353e50519f6277,ExpertB,validation
PUB-0597,b735055ab86838a6,ExpertB,validation
PUB-0598,b735055ab86838a6,ExpertB,validation
PUB-0599,b735055ab86838a6,ExpertB,validation
PUB-0600,b735055ab86838a6,ExpertB,validation
PUB-0709,33a5265e47a341a8,ExpertB,validation
PUB-0710,33a5265e47a341a8,ExpertB,validation
PUB-0711,33a5265e47a341a8,ExpertB,validation
PUB-0712,33a5265e47a341a8,ExpertB,validation
PUB-0473,2b3260880c5932b1,ExpertB,validation
PUB-0474,2b3260880c5932b1,ExpertB,validation
PUB-0475,2b3260880c5932b1,ExpertB,validation
PUB-0476,2b3260880c5932b1,ExpertB,validation
PUB-0761,5c620cfbfc32558c,ExpertB,validation
PUB-0762,5c620cfbfc32558c,ExpertB,validation
PUB-0763,5c620cfbfc32558c,ExpertB,validation
PUB-0764,5c620cfbfc32558c,ExpertB,validation
PUB-0541,3e5e76b6f97bf947,ExpertB,validation
PUB-0542,3e5e76b6f97bf947,ExpertB,validation
PUB-0543,3e5e76b6f97bf947,ExpertB,validation
PUB-0544,3e5e76b6f97bf947,ExpertB,validation
PUB-0677,d2ce60562357a1f8,ExpertB,validation
PUB-0678,d2ce60562357a1f8,ExpertB,validation
PUB-0679,d2ce60562357a1f8,ExpertB,validation
PUB-0680,d2ce60562357a1f8,ExpertB,validation
PUB-0573,d0990da672c3ac61,ExpertB,validation
PUB-0574,d0990da672c3ac61,ExpertB,validation
PUB-0575,d0990da672c3ac61,ExpertB,validation
PUB-0576,d0990da672c3ac61,ExpertB,validation
PUB-0669,dbf7409f01760483,ExpertB,validation
PUB-0670,dbf7409f01760483,ExpertB,validation
PUB-0671,dbf7409f01760483,ExpertB,validation
PUB-0672,dbf7409f01760483,ExpertB,validation
PUB-0889,df9dc5b64247fe3c,ExpertC,validation
PUB-0890,df9dc5b64247fe3c,ExpertC,validation
PUB-0891,df9dc5b64247fe3c,ExpertC,validation
PUB-0892,df9dc5b64247fe3c,ExpertC,validation
PUB-1101,818c68219cbb67ad,ExpertC,validation
PUB-1102,818c68219cbb67ad,ExpertC,validation
PUB-1103,818c68219cbb67ad,ExpertC,validation
PUB-1104,818c68219cbb67ad,ExpertC,validation
PUB-0909,fbe455cb83dfe862,ExpertC,validation
PUB-0910,fbe455cb83dfe862,ExpertC,validation
PUB-0911,fbe455cb83dfe862,ExpertC,validation
PUB-0912,fbe455cb83dfe862,ExpertC,validation
PUB-0801,71e05008340f84ce,ExpertC,validation
PUB-0802,71e05008340f84ce,ExpertC,validation
PUB-0803,71e05008340f84ce,ExpertC,validation
PUB-0804,71e05008340f84ce,ExpertC,validation
PUB-0981,da385e1fedff8f09,ExpertC,validation
PUB-0982,da385e1fedff8f09,ExpertC,validation
PUB-0983,da385e1fedff8f09,ExpertC,validation
PUB-0984,da385e1fedff8f09,ExpertC,validation
PUB-1197,b4cfdd9736e450c8,ExpertC,validation
PUB-1198,b4cfdd9736e450c8,ExpertC,validation
PUB-1199,b4cfdd9736e450c8,ExpertC,validation
PUB-1200,b4cfdd9736e450c8,ExpertC,validation
PUB-0949,cfe7cea0921a7142,ExpertC,validation
PUB-0950,cfe7cea0921a7142,ExpertC,validation
PUB-0951,cfe7cea0921a7142,ExpertC,validation
PUB-0952,cfe7cea0921a7142,ExpertC,validation
PUB-1053,a6db108b2fe66f66,ExpertC,validation
PUB-1054,a6db108b2fe66f66,ExpertC,validation
PUB-1055,a6db108b2fe66f66,ExpertC,validation
PUB-1056,a6db108b2fe66f66,ExpertC,validation
PUB-1093,8bc354df258c3324,ExpertC,validation
PUB-1094,8bc354df258c3324,ExpertC,validation
PUB-1095,8bc354df258c3324,ExpertC,validation
PUB-1096,8bc354df258c3324,ExpertC,validation
PUB-1149,f0a50b8b50c39024,ExpertC,validation
PUB-1150,f0a50b8b50c39024,ExpertC,validation
PUB-1151,f0a50b8b50c39024,ExpertC,validation
PUB-1152,f0a50b8b50c39024,ExpertC,validation
PUB-1133,8a8c11375d2c2abd,ExpertC,validation
PUB-1134,8a8c11375d2c2abd,ExpertC,validation
PUB-1135,8a8c11375d2c2abd,ExpertC,validation
PUB-1136,8a8c11375d2c2abd,ExpertC,validation
PUB-1073,94d0d7ac4116c1e3,ExpertC,validation
PUB-1074,94d0d7ac4116c1e3,ExpertC,validation
PUB-1075,94d0d7ac4116c1e3,ExpertC,validation
PUB-1076,94d0d7ac4116c1e3,ExpertC,validation
PUB-0897,cda6ead695de7174,ExpertC,validation
PUB-0898,cda6ead695de7174,ExpertC,validation
PUB-0899,cda6ead695de7174,ExpertC,validation
PUB-0900,cda6ead695de7174,ExpertC,validation
PUB-1117,aa9d50f5de7dc75d,ExpertC,validation
PUB-1118,aa9d50f5de7dc75d,ExpertC,validation
PUB-1119,aa9d50f5de7dc75d,ExpertC,validation
PUB-1120,aa9d50f5de7dc75d,ExpertC,validation
PUB-0985,8cebdf1d91a1f27d,ExpertC,validation
PUB-0986,8cebdf1d91a1f27d,ExpertC,validation
PUB-0987,8cebdf1d91a1f27d,ExpertC,validation
PUB-0988,8cebdf1d91a1f27d,ExpertC,validation
PUB-0041,5f820e28f2be02ce,ExpertA,test
PUB-0042,5f820e28f2be02ce,ExpertA,test
PUB-0043,5f820e28f2be02ce,ExpertA,test
PUB-0044,5f820e28f2be02ce,ExpertA,test
PUB-0073,1c5bf4cee407ec53,ExpertA,test
PUB-0074,1c5bf4cee407ec53,ExpertA,test
PUB-0075,1c5bf4cee407ec53,ExpertA,test
PUB-0076,1c5bf4cee407ec53,ExpertA,test
PUB-0361,fcb26e15df4c5458,ExpertA,test
PUB-0362,fcb26e15df4c5458,ExpertA,test
PUB-0363,fcb26e15df4c5458,ExpertA,test
PUB-0364,fcb26e15df4c5458,ExpertA,test
PUB-0133,908fff3f7bede724,ExpertA,test
PUB-0134,908fff3f7bede724,ExpertA,test
PUB-0135,908fff3f7bede724,ExpertA,test
PUB-0136,908fff3f7bede724,ExpertA,test
PUB-0341,09f60714af53c2f7,ExpertA,test
PUB-0342,09f60714af53c2f7,ExpertA,test
PUB-0343,09f60714af53c2f7,ExpertA,test
PUB-0344,09f60714af53c2f7,ExpertA,test
PUB-0101,fd1b4d0b00cd57cb,ExpertA,test
PUB-0102,fd1b4d0b00cd57cb,ExpertA,test
PUB-0103,fd1b4d0b00cd57cb,ExpertA,test
PUB-0104,fd1b4d0b00cd57cb,ExpertA,test
PUB-0149,b74a0b03ca52ba43,ExpertA,test
PUB-0150,b74a0b03ca52ba43,ExpertA,test
PUB-0151,b74a0b03ca52ba43,ExpertA,test
PUB-0152,b74a0b03ca52ba43,ExpertA,test
PUB-0037,19d5e57afd8e3cef,ExpertA,test
PUB-0038,19d5e57afd8e3cef,ExpertA,test
PUB-0039,19d5e57afd8e3cef,ExpertA,test
PUB-0040,19d5e57afd8e3cef,ExpertA,test
PUB-0057,410d58d3eb5b302c,ExpertA,test
PUB-0058,410d58d3eb5b302c,ExpertA,test
PUB-0059,410d58d3eb5b302c,ExpertA,test
PUB-0060,410d58d3eb5b302c,ExpertA,test
PUB-0273,ee67b41b3cab0977,ExpertA,test
PUB-0274,ee67b41b3cab0977,ExpertA,test
PUB-0275,ee67b41b3cab0977,ExpertA,test
PUB-0276,ee67b41b3cab0977,ExpertA,test
PUB-0185,1bc82ab5b84a560d,ExpertA,test
PUB-0186,1bc82ab5b84a560d,ExpertA,test
PUB-0187,1bc82ab5b84a560d,ExpertA,test
PUB-0188,1bc82ab5b84a560d,ExpertA,test
PUB-0077,b2566c2cefba82c5,ExpertA,test
PUB-0078,b2566c2cefba82c5,ExpertA,test
PUB-0079,b2566c2cefba82c5,ExpertA,test
PUB-0080,b2566c2cefba82c5,ExpertA,test
PUB-0277,559fb7cb8acde990,ExpertA,test
PUB-0278,559fb7cb8acde990,ExpertA,test
PUB-0279,559fb7cb8acde990,ExpertA,test
PUB-0280,559fb7cb8acde990,ExpertA,test
PUB-0161,0427f67f11e2a1fc,ExpertA,test
PUB-0162,0427f67f11e2a1fc,ExpertA,test
PUB-0163,0427f67f11e2a1fc,ExpertA,test
PUB-0164,0427f67f11e2a1fc,ExpertA,test
PUB-0125,cb2603dad8fd1cd5,ExpertA,test
PUB-0126,cb2603dad8fd1cd5,ExpertA,test
PUB-0127,cb2603dad8fd1cd5,ExpertA,test
PUB-0128,cb2603dad8fd1cd5,ExpertA,test
PUB-0549,d2b969b980368b62,ExpertB,test
PUB-0550,d2b969b980368b62,ExpertB,test
PUB-0551,d2b969b980368b62,ExpertB,test
PUB-0552,d2b969b980368b62,ExpertB,test
PUB-0561,9afb3d763116de3a,ExpertB,test
PUB-0562,9afb3d763116de3a,ExpertB,test
PUB-0563,9afb3d763116de3a,ExpertB,test
PUB-0564,9afb3d763116de3a,ExpertB,test
PUB-0521,e50dd590684e3a84,ExpertB,test
PUB-0522,e50dd590684e3a84,ExpertB,test
PUB-0523,e50dd590684e3a84,ExpertB,test
PUB-0524,e50dd590684e3a84,ExpertB,test
PUB-0509,6944ecd8b1c4d183,ExpertB,test
PUB-0510,6944ecd8b1c4d183,ExpertB,test
PUB-0511,6944ecd8b1c4d183,ExpertB,test
PUB-0512,6944ecd8b1c4d183,ExpertB,test
PUB-0641,672fd64ce69ac4a7,ExpertB,test
PUB-0642,672fd64ce69ac4a7,ExpertB,test
PUB-0643,672fd64ce69ac4a7,ExpertB,test
PUB-0644,672fd64ce69ac4a7,ExpertB,test
PUB-0465,be51d84908da3e1c,ExpertB,test
PUB-0466,be51d84908da3e1c,ExpertB,test
PUB-0467,be51d84908da3e1c,ExpertB,test
PUB-0468,be51d84908da3e1c,ExpertB,test
PUB-0493,51f287cdd5b09837,ExpertB,test
PUB-0494,51f287cdd5b09837,ExpertB,test
PUB-0495,51f287cdd5b09837,ExpertB,test
PUB-0496,51f287cdd5b09837,ExpertB,test
PUB-0577,eaa3adefed36b1c0,ExpertB,test
PUB-0578,eaa3adefed36b1c0,ExpertB,test
PUB-0579,eaa3adefed36b1c0,ExpertB,test
PUB-0580,eaa3adefed36b1c0,ExpertB,test
PUB-0553,659b122826444b3b,ExpertB,test
PUB-0554,659b122826444b3b,ExpertB,test
PUB-0555,659b122826444b3b,ExpertB,test
PUB-0556,659b122826444b3b,ExpertB,test
PUB-0417,1598e6189c9456f2,ExpertB,test
PUB-0418,1598e6189c9456f2,ExpertB,test
PUB-0419,1598e6189c9456f2,ExpertB,test
PUB-0420,1598e6189c9456f2,ExpertB,test
PUB-0441,74de0b7d4f68f528,ExpertB,test
PUB-0442,74de0b7d4f68f528,ExpertB,test
PUB-0443,74de0b7d4f68f528,ExpertB,test
PUB-0444,74de0b7d4f68f528,ExpertB,test
PUB-0449,b8223d0c73fda4c9,ExpertB,test
PUB-0450,b8223d0c73fda4c9,ExpertB,test
PUB-0451,b8223d0c73fda4c9,ExpertB,test
PUB-0452,b8223d0c73fda4c9,ExpertB,test
PUB-0705,545969a0383c6eb0,ExpertB,test
PUB-0706,545969a0383c6eb0,ExpertB,test
PUB-0707,545969a0383c6eb0,ExpertB,test
PUB-0708,545969a0383c6eb0,ExpertB,test
PUB-0497,37eab22fbee7f3c7,ExpertB,test
PUB-0498,37eab22fbee7f3c7,ExpertB,test
PUB-0499,37eab22fbee7f3c7,ExpertB,test
PUB-0500,37eab22fbee7f3c7,ExpertB,test
PUB-0625,ea5dc6a0a9ba18fd,ExpertB,test
PUB-0626,ea5dc6a0a9ba18fd,ExpertB,test
PUB-0627,ea5dc6a0a9ba18fd,ExpertB,test
PUB-0628,ea5dc6a0a9ba18fd,ExpertB,test
PUB-0857,88a1c1c1c955ad37,ExpertC,test
PUB-0858,88a1c1c1c955ad37,ExpertC,test
PUB-0859,88a1c1c1c955ad37,ExpertC,test
PUB-0860,88a1c1c1c955ad37,ExpertC,test
PUB-1061,9a43f621ff99afc7,ExpertC,test
PUB-1062,9a43f621ff99afc7,ExpertC,test
PUB-1063,9a43f621ff99afc7,ExpertC,test
PUB-1064,9a43f621ff99afc7,ExpertC,test
PUB-0937,41999dae7fcbd64e,ExpertC,test
PUB-0938,41999dae7fcbd64e,ExpertC,test
PUB-0939,41999dae7fcbd64e,ExpertC,test
PUB-0940,41999dae7fcbd64e,ExpertC,test
PUB-0989,43c8552edc24382e,ExpertC,test
PUB-0990,43c8552edc24382e,ExpertC,test
PUB-0991,43c8552edc24382e,ExpertC,test
PUB-0992,43c8552edc24382e,ExpertC,test
PUB-1009,dc0ce326a6efe0f6,ExpertC,test
PUB-1010,dc0ce326a6efe0f6,ExpertC,test
PUB-1011,dc0ce326a6efe0f6,ExpertC,test
PUB-1012,dc0ce326a6efe0f6,ExpertC,test
PUB-0845,1e1c8eec22259ae4,ExpertC,test
PUB-0846,1e1c8eec22259ae4,ExpertC,test
PUB-0847,1e1c8eec22259ae4,ExpertC,test
PUB-0848,1e1c8eec22259ae4,ExpertC,test
PUB-0837,d9c65a4cf66435c3,ExpertC,test
PUB-0838,d9c65a4cf66435c3,ExpertC,test
PUB-0839,d9c65a4cf66435c3,ExpertC,test
PUB-0840,d9c65a4cf66435c3,ExpertC,test
PUB-1121,67c4ecf4f69d5ed0,ExpertC,test
PUB-1122,67c4ecf4f69d5ed0,ExpertC,test
PUB-1123,67c4ecf4f69d5ed0,ExpertC,test
PUB-1124,67c4ecf4f69d5ed0,ExpertC,test
PUB-1105,8069076854cc8279,ExpertC,test
PUB-1106,8069076854cc8279,ExpertC,test
PUB-1107,8069076854cc8279,ExpertC,test
PUB-1108,8069076854cc8279,ExpertC,test
PUB-0997,7fbd9834b02dbfb4,ExpertC,test
PUB-0998,7fbd9834b02dbfb4,ExpertC,test
PUB-0999,7fbd9834b02dbfb4,ExpertC,test
PUB-1000,7fbd9834b02dbfb4,ExpertC,test
PUB-0821,9af95b384dff65eb,ExpertC,test
PUB-0822,9af95b384dff65eb,ExpertC,test
PUB-0823,9af95b384dff65eb,ExpertC,test
PUB-0824,9af95b384dff65eb,ExpertC,test
PUB-0829,1130f21740427fa7,ExpertC,test
PUB-0830,1130f21740427fa7,ExpertC,test
PUB-0831,1130f21740427fa7,ExpertC,test
PUB-0832,1130f21740427fa7,ExpertC,test
PUB-1017,4d5c7769f4ee7875,ExpertC,test
PUB-1018,4d5c7769f4ee7875,ExpertC,test
PUB-1019,4d5c7769f4ee7875,ExpertC,test
PUB-1020,4d5c7769f4ee7875,ExpertC,test
PUB-0853,95b4c0a9fda92392,ExpertC,test
PUB-0854,95b4c0a9fda92392,ExpertC,test
PUB-0855,95b4c0a9fda92392,ExpertC,test
PUB-0856,95b4c0a9fda92392,ExpertC,test
PUB-0917,833d70f8cafb1a87,ExpertC,test
PUB-0918,833d70f8cafb1a87,ExpertC,test
PUB-0919,833d70f8cafb1a87,ExpertC,test
PUB-0920,833d70f8cafb1a87,ExpertC,test
